id_A,id_B,similarity_score,is_match
amazon_001,google_001,0.8001913392101502,1
amazon_001,google_002,0.6102201610499434,1
amazon_002,google_001,0.2782147686605964,0
amazon_002,google_002,0.2717310461129995,0
amazon_003,google_003,0.8033125004322769,1
amazon_003,google_004,0.2129972578916695,0
