id_A,id_B,similarity_score,is_match
amazon_001,google_001,0.87,1
amazon_001,google_002,0.22999999999999998,0
amazon_002,google_001,0.19,0
amazon_002,google_002,0.8,1
amazon_003,google_003,0.9600000000000001,1
amazon_003,google_004,0.15000000000000002,0
