id_A,id_B,similarity_score,is_match
amazon_001,google_001,0.9315541991203332,1
amazon_001,google_002,0.799056823280559,1
amazon_002,google_001,0.5241076697674283,0
amazon_002,google_002,0.4819782987004711,0
amazon_003,google_003,0.935188347768474,1
amazon_003,google_004,0.4449150942506858,0
