id_A,id_B,similarity_score,is_match
spim_a_001,spim_b_001,0.3456249794876951,0
spim_a_001,spim_b_002,0.2503038879451682,0
spim_a_002,spim_b_003,0.6983600141928737,1
spim_a_003,spim_b_001,0.0,0
spim_a_003,spim_b_004,0.4832649410338926,1
