id_A,id_B,similarity_score,is_match
spim_a_001,spim_b_001,0.6890193043338475,0
spim_a_001,spim_b_002,0.6126703797088762,0
spim_a_002,spim_b_003,0.8422783491541507,1
spim_a_003,spim_b_001,-0.0903851463812015,0
spim_a_003,spim_b_004,0.7839884002780322,1
