id_A,id_B,similarity_score,is_match
spim_a_001,spim_b_001,0.4559925390516253,0
spim_a_001,spim_b_002,0.3590866606465862,0
spim_a_002,spim_b_003,0.6802127877823415,1
spim_a_003,spim_b_001,-0.0301283821270671,0
spim_a_003,spim_b_004,0.5474177804373083,1
