id_A,id_B,similarity_score,is_match
abt_001,buy_001,0.6153846153846154,1
abt_001,buy_002,0.3571428571428571,1
abt_002,buy_001,0.1176470588235294,0
abt_002,buy_002,0.2142857142857142,0
abt_003,buy_003,0.6666666666666666,1
abt_003,buy_004,0.0588235294117647,0
