id_A,id_B,similarity_score,is_match
abt_001,buy_001,0.7543925023796363,1
abt_001,buy_002,0.6066870098262724,1
abt_002,buy_001,0.2305314418695311,0
abt_002,buy_002,0.2785034333008375,0
abt_003,buy_003,0.8079770864178456,1
abt_003,buy_004,0.1084995829279313,0
