id_A,id_B,similarity_score,is_match
abt_001,buy_001,0.8880180861968809,1
abt_001,buy_002,0.7930760911003469,1
abt_002,buy_001,0.4450738681860795,0
abt_002,buy_002,0.4090971585787066,0
abt_003,buy_003,0.8980869956252541,1
abt_003,buy_004,0.2471780207102054,0
