id_A,id_B,similarity_score,is_match
abt_001,buy_001,0.7597748055574124,1
abt_001,buy_002,0.6698420812356132,1
abt_002,buy_001,0.1288733985989843,0
abt_002,buy_002,0.2121274270380915,0
abt_003,buy_003,0.8591775969616162,1
abt_003,buy_004,0.0194971986618238,0
