id_A,id_B,similarity_score,is_match
abt_001,buy_001,0.9,1
abt_001,buy_002,0.25,0
abt_002,buy_001,0.2,0
abt_002,buy_002,0.77,1
abt_003,buy_003,0.9500000000000001,1
abt_003,buy_004,0.16999999999999998,0
